x,y,vel
-9.832261769316650302e+00,1.757607269004591632e+00,-8.971492457669896226e+01
-1.031112666606009753e+00,-5.866108815598188642e+00,6.680678381907754648e+00
1.654016371339591451e+00,-1.769415590655195158e+00,1.162397535597016329e+01
4.467378297720051350e+00,-3.682330093753034994e+00,-2.708042324648474874e+01
3.985601074183765524e-01,-9.647816754104322767e-02,-4.318837227033758275e+00
1.998075954043436187e-01,9.009378349710738476e+00,1.000459414048457063e+01
7.545182524762845677e-01,-8.398107312633070975e+00,9.643247844949843994e+00
-1.207011710227943846e+00,3.533968184692705683e-01,1.334289173128355621e+01
-9.063750770384854105e-01,-8.814689943884052026e-01,1.857519015200701729e+00
-6.987646327480673492e+00,2.469634341010791712e+00,-1.349899030752598037e+02
-6.293615264953326127e-01,-3.262880382581005434e-01,7.214882079772921486e+01
9.774465066916897260e-02,-2.095305570981178533e-01,-8.657591786534098333e+00
-7.432910219823396503e-01,-1.254964088952262413e+00,8.327624192469866671e+01
-4.908257241152266248e-01,-1.427586622177321463e+00,-4.275560478743190629e+01
-3.721791685921980619e+00,-1.260519988553185033e+00,-1.453850355701307819e+02
-2.666125955283679128e-01,-1.228379719227873146e+00,1.093338104528075121e+02
-7.410056510863881840e+00,5.490480013083690380e+00,6.410982679139013385e+01
-3.244657759364025118e+00,5.067825080429177120e+00,-4.553228701452026428e+01
1.217108001453931276e+00,-2.153670474033855697e+00,1.447882977726781384e+01
8.723511442002169769e-01,-3.457328975603481069e+00,1.069646570043262273e+02
5.726366010431350739e-01,5.757007975128470845e-01,-7.706182124037110270e+01
4.137028541874367971e-01,-1.282445012844272370e+00,9.790412579034918394e+01
1.581064450757581896e-01,-1.477401759444007423e+00,-4.218118993595381028e+01
-8.121354115963681508e+00,-2.142991017488020400e-01,1.415169744593141132e+01
8.710232056434186187e-02,-3.720735768851863856e+00,-3.549913796874740228e+02
-6.629370349603127544e-01,-5.895722562130466748e+00,-1.235239815681329745e+01
2.207236466659890262e+00,3.187793428113201433e-01,2.735465933324474719e+01
6.568071805989076140e+00,1.560241795749998328e+00,-5.050144106667590727e+00
2.673773537257237098e+00,-9.444504771156612133e-01,1.126620713056353367e+02
2.631625628569374542e-01,2.134115892316613028e+00,-7.245604179410409351e+00
-2.099979743099281482e+00,5.403380086118192427e-01,5.459801380640497115e+01
3.485572895461502618e+00,1.331214878684157110e+00,6.341913030251645012e+01
-1.544315201781941038e+00,7.790091690354498111e-01,-7.105010204056765133e+01
1.361135167279697189e+00,-1.501085846537760504e-01,-6.076521439698892380e+01
1.650928405044718994e-01,5.454037528757079478e+00,-4.469503010311806435e+01
4.340788498330871437e-01,2.617900537098241109e+00,1.166111281603299261e+02
9.924556712198330244e-01,-2.107944327114441130e+00,4.851248371737603549e+01
1.249990102083843313e+00,-1.073062421614544792e+00,1.090454533239714578e+02
5.118098055616158604e+00,1.763083888583339309e+00,1.091625340043265169e+02
3.924167924469562418e+00,-4.416596034425836592e+00,-5.051742976412062802e+01
6.069345557598063712e-01,-8.950919581676423098e-01,-6.618116528496497608e+01
-4.401772084455553569e-01,-2.235175804538159117e+00,-1.234811764108405896e+02
3.405730397745259985e+00,-3.367751693803917035e-01,-6.204188248689120400e+01
-6.246030124396230176e-01,2.319795265198613954e-01,6.863565118866316084e+01
2.938260515894735914e+00,2.857531403300848649e-01,-3.573408520033009950e+01
5.176084434905137144e-01,-2.949552457156873864e+00,-3.775753254560366656e+01
-2.862858187784708797e+00,-1.479948094751510235e+00,-4.790100519978449256e+01
3.682532838718577395e-01,-1.460202570864325589e+00,1.802732334646467649e+01
4.964768124516403702e+00,2.281020693898744067e+00,9.384487650246997248e+01
1.414363198069600092e+00,-1.724817330642854474e+00,-1.710964248911494110e+02
-3.317509327003668185e-01,-1.883326198193733814e-01,-4.731888778711224575e+01
-1.375644524149492787e+00,2.407082905943856765e+00,-1.468108163423351797e+01
1.697866419735048371e+00,-2.777493882772397171e+00,-2.016859653353723303e+01
-1.083614486318193793e+00,7.876782105137151824e+00,-3.719362285983179106e+01
6.101963706853433811e-01,-6.613909672660729377e-01,2.989538694025814891e+01
-2.841574653298820419e+00,-3.490008014864043773e+00,-1.760504415902206077e+01
-5.447744020605087972e-02,-2.276993833775308396e+00,1.251883831009118531e+01
1.397507418879086805e+00,-1.177545492638752522e+00,4.205875258653043147e+01
-1.486673644412342676e-01,6.765581747713671490e-01,3.341711601506761298e+01
-2.043772814720103526e+00,-5.024848274441728435e+00,5.215599864846382872e+01
8.441581864966779536e-01,-4.489902311472021346e+00,1.161339310341342212e+02
2.575010654054461501e+00,-2.651425386553686980e+00,3.192446730310753722e+01
-2.246022219312409640e-01,-4.421079602685988319e-01,-1.054166639574024877e+01
-3.587005529780891155e+00,9.925280276582836292e-01,-9.256187410629877377e+00
2.463428203368339897e+00,4.989638221639993571e-02,2.244477519897510263e+02
-2.528771837838966530e+00,2.374457989152263249e+00,-1.752454610713665772e+01
1.886147882983226332e+00,9.130417031380200221e-01,-6.112403517106500317e+01
1.867634551979302282e+00,1.610639135763667129e+00,-1.103852450266565910e+02
-3.500475264264537589e-01,-6.443821710481146825e-01,-4.812424415817294943e+01
-6.065735983243819796e+00,-3.249054818024162739e+00,-6.606391835645460731e+01
-9.820477994768671559e-01,5.283620074050475957e+00,-8.512708931677887847e+01
-2.491387675847944738e+00,3.692875452709538653e+00,-2.578842395067854554e+01
-2.362622677632243151e-01,-2.801663541506593802e+00,2.317718831908080546e+01
2.994195243399684347e+00,-2.004159898791928462e-01,-1.188329377519073082e+00
-1.530183551644871409e+00,3.267599853211230698e+00,3.813205443686322127e+01
3.518145661401383517e+00,-5.359409855444972948e+00,-4.447685735503870141e+00
-1.190887693999562735e+00,-2.035943471997384346e+00,-8.093480985395858696e+00
-1.260233414835683519e+00,1.241821755411628647e+00,-1.467817616945391137e+02
-6.632785498105144839e-01,-1.765519872063439077e+00,-4.618321074586947361e+01
-3.411456912539339026e+00,-2.853941339444820979e+00,-4.278138174009966122e+01
-7.986262660106375755e-01,1.838640558726477803e+00,-1.014448931285659228e+02
-5.575587520323834756e-01,-1.907357967969669277e+00,5.993148243269479281e+01
4.033059803348804095e-01,-2.390235151369750621e+00,-1.600885648919093684e+00
-3.560663656705171376e-01,-1.031293376747217883e+00,-2.156907109440515740e+02
-8.744843062519069843e-01,6.291386596114217911e-01,-1.010559444154750253e+02
-4.258916387240094248e-01,-8.061708243859267986e-01,-6.060914955747906951e+00
1.957240104913062773e+00,3.395562629086841699e+00,4.579922176589876415e+01
-1.946211525320009406e+00,-2.459620104909391536e+00,-4.301506171624501462e+01
9.013881085870821153e+00,-1.104174180894196944e+00,1.457240901694662227e+02
-8.571593531446314307e-01,2.317403264620040204e+00,-3.612673209382249695e+01
-2.111626081144198086e-01,-2.509500885221430888e+00,-2.144940063036003597e+00
3.939578586622177969e+00,1.265554789730434893e+00,1.481087171237340101e+02
4.125872377169276461e+00,-1.641609322037473451e+00,1.163515871918986306e+02
-1.536306966730018875e+00,-4.833443906861839778e+00,-6.809053273805272966e+01
7.529317137697907336e-01,3.779655530000988861e+00,8.397200940298390037e+01
6.007000709383725212e-01,-6.169678184325891879e-01,-2.868352921494555829e+01
-7.812571432551250750e-01,-1.936084920346698324e+00,-8.583856953965351977e+01
4.851881231040352738e+00,-5.199565669040320248e-01,1.105454974511966668e+02
1.077796880012351854e+00,-7.581368170137284812e-01,1.567458591507073606e+02
2.323455510485902487e+00,1.605132383661128648e+00,5.663039108726210458e+01
-4.964933071924724217e+00,4.047179949886841932e+00,-7.581230653528005803e+01
-1.252188042568839199e+00,3.181264733972106740e-01,-1.081361039295651416e+01
4.733026827094382050e-01,1.173540130596913977e-01,5.496072245712409909e+01
-1.736517933140889980e+00,4.330866737031318969e+00,7.858366085391858746e+01
1.409384017430162617e+00,-1.247273133687105462e+00,-4.220308463679235444e+01
-2.506004740011451570e+00,5.054108401296615316e-01,9.804972661985370763e+00
2.106437170016241200e+00,4.420012915037658391e-02,6.440911514366499091e+01
3.437651209179847012e+00,-1.063729612558638626e+00,1.984793557276089260e+01
2.540044176426873079e+00,-3.075706416351637884e+00,5.997528737057263015e+01
5.315239194520614774e+00,6.302794823092516374e+00,-5.036064714777304552e+00
-1.155282652631930640e+00,6.747072886169577233e-01,9.089097581626255362e+01
1.534558124128299950e+00,-1.493130771673829571e-01,-1.575400755850428425e+01
3.320563317065870490e-01,7.893711583617723626e+00,-1.851521571116422038e+01
8.124639854458993726e-01,1.148562783803305676e+00,2.570889089887196022e+01
-1.306576292622450564e-01,2.577910938003109997e+00,1.091888893429700502e+01
1.930310315955774181e+00,-6.619057450227684714e-02,1.469529182660648132e+02
2.254919593045442205e+00,-2.036890683138480096e+00,3.816987226104389919e+01
1.628184462585138714e+00,1.178618758422055102e+00,9.407174892698672863e+01
8.129876173285476293e-01,-1.696957837156616300e+00,1.117286780189142945e+02
4.788205694656287648e+00,1.891596588142022251e+00,1.997370674400330586e+02
2.015144075142129676e+00,4.761837913797846156e+00,-7.086743670058763200e+01
-1.915854535084807964e+00,-3.138759699850921514e+00,-1.507510523988221678e+02
-9.025543341759446614e-01,8.518428615032006546e-01,-9.116135557448001236e+01
-1.031134782469167011e+00,8.810239331064748214e+00,-1.416880400351954279e+02
5.496727611060612695e+00,-4.275587248018466013e+00,8.201195046719496418e+01
2.396662350951994203e+00,8.890626587526313074e+00,-6.180304670184722937e+01
-2.549088880797604428e+00,3.400321256901808642e+00,6.929429916363783093e+01
8.959105098241421317e+00,1.020676874554791169e+00,1.142623546569995341e+02
1.833871616309571406e+00,5.817812101160753535e+00,-8.038986519147091769e+01
4.984345239043707743e+00,6.700592036341490143e+00,2.485430361436079139e+01
-5.909458800603727191e+00,-2.179623555494178078e+00,-7.301164595577195549e+00
1.211279915550966590e+00,4.459179771627647670e-01,5.235957692190900303e+01
-1.782136834766737010e+00,3.388409046501638100e-01,-1.512880574121669213e+02
-1.593909633238915421e-02,6.050186351885454172e+00,-7.212996975155840573e+01
-1.262319586385858061e+00,3.594078105292216829e+00,-1.044892291469671264e+01
4.653415811625470688e+00,-8.013280477934058510e+00,1.325232557891935983e+02
-1.568449038566283704e+00,-1.596585023886515353e+00,-1.462693724534749151e+02
-4.129127707976651074e+00,-6.356107648456825743e+00,-1.452994649037309216e+02
-1.456424454731538143e+00,-1.443952375914657527e+00,-1.009437046338774451e+02
-5.500207722183370063e-01,1.306531948009891086e-01,-7.996751518830495797e+01
4.189714090701234461e+00,-4.268784632532305778e+00,5.309968953993632113e+01
3.757505605887397682e+00,-1.954412705747882173e-02,1.085267038785258222e+02
5.892203969020088472e+00,-4.274577554043789362e+00,1.924260011678276214e+02
-3.842179466051872883e+00,1.816438962441599747e+00,-1.690989811737700066e+01
7.948489500569627664e-01,-7.020495767457195946e+00,-6.143333538275255279e+01
-3.509009590634375453e+00,-6.402746269348388308e-01,-1.152261653848402148e+02
-8.788504729579088348e+00,2.830007108879322164e+00,-9.014665835871481647e+01
-6.595589803437548859e+00,1.380744023602598292e+00,-2.200697008089340443e+02
5.240484798130277261e-02,7.085495527246778558e+00,-6.003799998940922933e+01
-3.859299659630377022e+00,-1.409668283971857061e+00,-8.454369416982106600e+01
1.331812253654409695e+00,4.176981869595830510e+00,-6.525729952280498480e+01
-3.053998217969151163e+00,-3.418604096428834449e+00,-4.246711737889893357e+01
-1.659455161946215451e+00,3.937532672921942201e+00,-1.676885120706159285e+02
-1.432321221457087068e+00,-1.309370936497477711e+00,5.505638776261119638e+00
6.442448608039958557e+00,9.722804573645313364e-02,1.223118917676947888e+02
-4.574901476863098893e+00,4.179451480518446616e+00,-5.979164220966575272e+01
1.935578895921730824e+00,-6.540640745760141428e+00,1.708885051441569374e+02
1.061994630216812840e+00,2.155123564197380492e+00,1.068826542608394874e+02
-8.173017679855533402e+00,6.104717752690014265e-01,-1.507993198981773162e+02
-3.384165221414064284e+00,7.553627901734902395e+00,7.177231661448360001e+01
4.045679226631643810e-01,1.427963692329171086e-01,5.180976758473574506e+01
-8.787697080667767224e+00,-4.145864571083363259e+00,-8.267081286046561672e+01
-1.135893352632219022e+00,-1.008144687079987945e+00,-5.999877585039394035e+01
-1.415732620094974026e+00,-2.025966478348945721e+00,-6.610626501164173163e+00
9.584168892632791703e-01,-2.363387354077423286e+00,-3.575938589504337983e+01
2.393265705167246793e-01,-1.204525295455232792e+00,-4.771323777412753486e+01
-1.395083381881815576e+00,2.419108443076849913e+00,1.017487668509382459e+01
-7.486776335339957456e-01,2.187414475839871475e+00,-7.366472845826561411e+01
-5.152268445288752385e-01,-6.031782795425157939e-01,-1.144759443482977304e+02
7.301489762828476948e-01,1.112737853608190219e+00,2.052587448498831861e+02
-7.182117038890202254e-01,3.537382315568740943e+00,-1.099099883871313779e+02
6.320910276981721587e+00,6.281616215983818030e+00,1.367749652006011729e+02
-7.038597234362260480e+00,5.427555574144792949e+00,-1.429768071945303802e+02
4.804471347222308175e+00,2.351707787819314444e+00,1.404915327059668471e+02
-6.731405255020776579e+00,1.296434106046893131e+00,-3.227006679681611701e+01
-6.193211476752665812e-01,7.789000114362445437e-01,1.337358704644009855e+01
1.795213931595460499e+00,4.628027714309676632e+00,-9.826500345997597208e+01
3.648036971203011181e+00,-2.716715204592803357e+00,8.428976511936689064e+01
-1.887302620493140681e+00,6.171732034757874130e-01,-1.648577748306606736e+02
2.977745040016405831e+00,7.795577015056561976e+00,-2.757094745886414699e+01
-4.814071742761890094e-01,-6.749900786783788575e+00,-9.246399061478388148e+01
-1.918526022495281813e+00,3.309181839451981411e+00,-8.351539846766846154e+01
-9.089413129379977363e+00,3.343206629932002460e+00,-1.894211645299584461e+02
8.586628065357047035e+00,-2.689908652680134793e+00,1.350583178130250133e+02
1.765134660443539616e+00,2.459131245644630592e+00,1.539436929209232972e+02
9.356753527990083086e+00,-1.155441878277077228e+00,1.410230562287616465e+02
5.933645162425333908e+00,-7.881560183049577395e-01,1.186644898373686488e+02
-1.097929756320910055e+00,4.035350367537280381e-01,5.359112721906269172e+01
-1.217037439201142712e+00,-1.132910188057817846e+00,1.477425879901115557e+01
-3.058306328451898093e+00,1.751240361522550915e+00,-1.440677379832655802e+01
-3.325948915769326053e+00,1.570175363643846023e+00,-1.354996199230801324e+02
2.323896545766633015e-01,-9.061439840644408550e-01,1.303461735839149185e+02
-6.795752801249970165e-01,-5.248757489504559892e+00,-5.618870405403644241e+01
-3.174167965510873213e+00,-9.019177592079588024e-01,-2.744157813565622916e+01
1.182958448727452899e-01,-8.033594176063706627e+00,-1.001008782991596924e+01
-1.833221565982250167e+00,-1.307376667156020744e+00,-4.680933966897628551e+01
3.960508547512580635e-01,3.231139545797092172e+00,1.834259983589690535e+01
1.871192524636848820e+00,-5.751954933935875758e+00,1.369113274399885540e+02
-1.746133660312150448e+00,2.869870107129226966e+00,-3.164894217131551457e+01
1.793123411780660925e+00,-1.363174360309991062e+00,6.409430127643906872e+01
1.891237390365203330e+00,-1.442752761822545748e+00,4.108423084713849249e+01
-7.148401395411240200e-01,-2.092163590974888354e+00,-1.202397088722666609e+02
2.871294234008890722e+00,5.700053535009682371e+00,2.874096700628242473e+01
-4.005239663965690644e-01,5.531379931150072204e-01,-8.351228412429177794e+00
4.061737490133177531e+00,-1.053887486688522390e+00,7.343493602725006042e+01
-1.430854231793733611e+00,-7.800006551428162460e+00,-1.663723606871650418e+01
-3.588318404122654154e-02,1.217566806488986852e+00,-9.619532912638854327e+01
2.387752587530816761e+00,2.808036581351252003e+00,1.173195851815413846e+02
-3.171748688331279986e+00,4.092535846778073250e+00,2.021284018625789258e+01
2.057868389320851588e+00,2.216466249055610849e+00,1.576244999824429556e+02
-5.405983204878844539e+00,-1.474796942962535384e+00,-2.245871461041776627e+02
-6.224948330807046126e+00,6.686385086062307082e+00,-1.390614432696216340e+02
-2.215635094832164143e+00,1.849363328280394292e+00,-1.356721295798636788e+02
-4.469015191846476220e+00,-9.250995350900063918e-02,-1.774094239617023732e+02
4.024058090136636956e+00,-4.031362460914905022e+00,1.025615912472810862e+02
-7.392584827441299744e+00,5.312895217702596540e+00,-1.552135563501834952e+02
-5.977652309895796767e-01,-8.739867381881470720e+00,-1.222857177667453215e+02
2.960083742208121094e-01,2.191062982041950935e+00,7.074277658365888044e+01
3.585891211899419062e+00,-2.515154491176515794e+00,8.200124885603156599e+01
1.253133930158221165e+00,-8.791090484882468914e+00,-3.987423881302986928e+01
-2.466907659739763226e+00,-8.414804269987575580e+00,-1.105110192371987665e+01
-1.215091108738842671e-02,2.920096224210528835e+00,5.999314409859192665e+01
-5.057720193831205968e+00,7.649249159609962767e+00,-7.852834526181591457e+01
4.265882211859459261e+00,1.876304072101122378e+00,1.570010042940271262e+02
8.448850520177153101e+00,1.468846859824392226e+00,6.654401188866152950e+01
6.438880677019285237e-01,6.464187403781225250e-01,4.665342679575834239e+01
1.474003693204802179e+00,-3.874568702971747491e+00,-9.650503655714166129e+00
4.353064165380356343e+00,7.672437454682184743e+00,1.592376019818225075e+01
4.972558604755036527e+00,2.621030372001262432e+00,1.718652979795364786e+02
-2.637798866853663604e+00,4.265004126803752627e+00,-6.434160996090371043e+01
-3.492217734616163138e+00,-1.674455500269995012e+00,-1.553052388500361189e+02
6.102673919400607438e+00,2.574757108331113375e+00,1.670932640027517664e+02
-4.533270320746330739e+00,-5.389091324793004567e+00,-3.595342672892142843e+01
-2.046014121047599943e+00,-8.758223783494528680e-01,-4.440012409504877411e+01
7.253803600533245799e+00,-6.812750866044815723e+00,1.471623719340001912e+02
-2.746328163726020399e+00,-1.043184334999477381e+00,-4.708052304962733814e+01
4.406855209221248515e+00,-1.764332709173121350e+00,8.492401923864784408e+01
3.258248820452819938e+00,-9.700002475491170673e-01,1.316504068218977750e+02
-9.159156968031949564e-01,9.932514125225681001e-01,-3.376070734762613057e+01
1.368971013822171345e+00,4.398218521848977325e+00,7.883990029795282339e+01
-1.802630360882393479e+00,-1.935422110946776186e+00,2.517904301542136025e+01
5.309082356691449789e+00,-3.231354524328305278e+00,2.440955944407277300e+01
-1.041367437741319846e-01,9.768407201758843028e-01,-6.029057296962285051e+01
-6.138333313524610979e+00,5.429477916784189340e+00,-6.441094882192129489e+01
-5.295705500606895377e+00,1.560531430823488108e+00,-1.586481072017110137e+02
6.222713256987165709e-01,6.902121180626449304e-01,1.153112187384644898e+02
-6.479386346710422906e+00,-2.733637402973113417e+00,-2.129442729071743088e+02
1.389397719453385305e+00,7.013287846569705719e-01,1.691076836747330958e+02
7.642095048191255291e-01,-3.973899722948145641e+00,5.183373771863075063e+01
-6.777402745771853532e+00,5.193138201840994839e+00,-1.859712283768216992e+02
1.028884949635356483e+00,-2.834221989691996790e-01,-3.190903737004171248e+01
1.217221737335546505e+00,-8.372058739273111172e+00,-1.432295857711636700e+01
-1.399592118811632036e+00,-1.479248810348806176e+00,5.656322871209612657e+01
-3.112734634604083617e+00,-5.227366320143472578e+00,6.916100292000719207e+01
7.804358055114015258e+00,1.524315629022156005e+00,1.426619864819007830e+02
7.280115805012697727e+00,-2.959388692339048887e+00,1.455761969396168638e+02
-8.868548772109244638e+00,-1.984828419434345514e+00,-2.467790472922580420e+02
7.116411827795279699e+00,-6.833442446452109742e+00,9.936742647147490004e+01
-1.486049567018052464e+00,-1.559423857618474019e+00,-1.058199989602037334e+02
5.471864881038631528e-02,1.588999879169846086e+00,-2.890607389674154959e+01
-3.469050147646960625e+00,2.444457050032583734e+00,-8.430003257171553344e+01
-5.875793088102818640e-01,-8.148157008899408638e+00,3.892679585969423073e+01
-2.771570831940070034e-01,1.481621135212785267e+00,-1.273222955292999004e+00
-1.249509510472169627e+00,1.016764647157728657e-02,-9.755212030281664681e+01
-1.138834273397568708e+00,-2.910901724756520981e+00,-1.694759040050368526e+02
6.427077297426302405e-01,9.179353384970999619e-01,1.291320500894046290e+02
1.609203756129950813e+00,-3.455405761986329871e-02,7.853916836057032924e+01
3.217045040129319133e+00,-3.617865063237502898e+00,1.563820109457913361e+02
1.049150388051478755e+00,5.162489210453503619e-01,6.524049223830184019e+01
-6.852026888723835363e+00,2.835227995591025785e+00,-4.341968179387058768e+01
8.711859282378735247e-02,-2.667229721041394885e+00,-3.474258039587135016e+01
2.214178527098687788e+00,-6.250733547466928997e-01,9.127817051980649410e+01
-4.193479755345180249e-01,6.009509667519946419e+00,-3.276189826605104116e+01
2.424313945221076239e+00,-5.464668534825153579e+00,1.386872544958991398e+02
6.031119615528097277e+00,4.456533493584530881e+00,8.229967091818701874e+01
2.283156537712001555e+00,-7.240836042933374017e-01,1.517637770256824297e+02
-2.987362941994342602e+00,1.533078083898483435e+00,-1.028334307611824627e+01
9.909010781075765495e-01,3.077813328864308584e+00,1.395805799180028828e+02
-1.990741582445405111e+00,9.238200746992719647e-02,3.760190763215304433e+00
-3.041765874525508284e+00,-2.649445596905565026e+00,-2.296893392808517831e+02
3.353633256895949710e+00,-2.029094308949215719e+00,6.038461472543551167e+01
-2.414575138840140855e+00,-1.258338647863680437e+00,-1.834796476784814701e+01
-6.425814060759975632e+00,-2.019810604934684228e+00,-1.368472921124069330e+02
2.457095712473623017e+00,-3.692993337805657861e-01,-3.347057964590455725e+01
-1.114114804875802722e+00,4.174349026061329737e-01,1.591596116653773407e+01
3.479735021162878361e+00,-3.837033784319491825e-01,1.022333229840752722e+02
-6.776757153677438694e+00,7.161692613211155134e+00,-8.948756092393314532e+01
7.061112088024028566e+00,2.043371634103014145e+00,1.528520181055745866e+02
-5.013327138166230768e+00,-5.362085961452573102e+00,-1.595490864788075953e+02
5.655975573108671384e+00,4.719169042053086849e-01,1.277974447506146021e+02
1.165510398872517506e+00,5.140795370384666718e+00,-6.576649606194865783e+01
7.072245203907841393e+00,6.910312569943279470e+00,1.251565259307720055e+02
-7.131457910155082125e+00,1.580348443689268079e+00,-4.789305118669417993e+01
1.352708348717197140e+00,-2.042383289806976698e+00,8.951507495632597511e+01
2.343342307382198619e+00,-6.950188679567778083e-01,1.715553623787446611e+02
-5.884577323232770496e+00,-6.560048538238673288e+00,-1.197224348140121180e+02
1.775520710673510472e+00,8.795370164720389683e-01,1.814046216858958189e+02
4.959534791443381607e+00,5.736396035182467656e+00,6.705993760760252087e+01
-4.820318484401861170e+00,4.893992922603197293e+00,-7.840178504998243625e+01
5.618040351657898945e+00,-3.000601427223464679e+00,1.650789343675686496e+02
2.649669553842862513e+00,-2.540677301022484236e-01,1.517872079819233875e+02
1.078783942189464606e-01,1.926302615260543361e+00,1.018359495397787953e+02
-3.132965774090532118e+00,-3.981107505213049569e-01,-2.023615011707594533e+02
7.732392354960625269e+00,1.624376519132967545e+00,1.923739930137537897e+02
1.643049966499951497e-01,-3.000848691484556241e+00,2.651323572018335639e+01
3.939151871831641838e+00,-1.296535892057670614e+00,7.343785745032180046e+01
-2.572796962493674400e+00,6.205821537625350715e+00,-1.021673352149120717e+02
-3.050463176327014581e-01,1.839656757801355180e+00,-1.642057697671144822e+01
-1.466601973128644598e+00,-3.516125671295686761e-01,-4.412719421496025696e+00
-5.259907497493637507e+00,3.152877262779853140e+00,-9.018062257956141536e+01
-6.611680892764955964e+00,-7.221148378226375231e-01,-8.110034317751673427e+01
-1.471012139249767481e+00,7.925192876775190243e+00,-8.829311825304834827e+01
6.433868107012267856e+00,-3.764045117358834625e-01,1.949243183193123059e+02
3.093123132612225934e+00,-1.191232144557225148e+00,5.080270651663614956e+01
-7.278260766881740729e+00,4.460961992755888339e+00,-1.198093464039624934e+02
9.660104627983941983e-01,-9.109173091335106776e+00,1.298286321392884588e+02
5.251632824462316940e+00,-4.481330111498266766e-01,5.295195711531138727e+01
-3.662493188381375830e+00,-2.485120015213767353e+00,-1.438958175679907470e+02
2.656504210501718366e-01,1.857894313997332514e+00,1.065593309524888355e+02
-5.298445202018051692e-01,-5.378963405405793097e+00,8.824800867056782749e+01
1.400491558776059353e+00,-1.351733061525690394e+00,4.139084164897072071e+01
6.003529772421448030e+00,4.263353734838972287e+00,1.466457658098995012e+02
-2.116275761441142877e-01,-7.796133993322727385e+00,3.567086272595954455e+01
-1.445983557918248119e-01,-7.006981433115355706e+00,-1.378944137166115524e+02
2.050097763489330815e-02,-1.855042202248828875e+00,4.279173643605584942e+01
6.812245748537963053e+00,1.667821516192411618e-02,5.372451782607522119e+01
1.007701205909776077e+00,1.581181444764281574e+00,3.886109263028383509e+01
-5.188884035863538635e+00,8.397681511538374721e+00,-8.065893700876092964e+01
-4.570730682573203030e-01,-3.671687846408170142e+00,9.921183777696548134e+01
2.306245157540952384e+00,3.796993128065877521e+00,5.549886102100686003e+01
-5.044694388823540265e+00,-3.447174996415900416e+00,-5.872673993433660655e+01
4.051461417259202058e+00,-5.680218481715335166e+00,1.437459278426765366e+02
-3.355582186245884557e-01,1.978314816695743161e+00,1.193223717223515621e+02
7.077541743770242311e-02,4.781335127060523327e+00,4.921130219822421736e+01
4.882609281444599603e+00,-3.245541864836675394e+00,1.874053817581089021e+01
-2.310710700254308136e+00,7.317157094853520283e-01,5.258618956869012706e+00
-2.732503256464612118e+00,3.418561294744004719e+00,2.266803585946050248e+01
2.134179685364749446e+00,-2.641230940428880292e+00,1.886686808382159484e+02
-4.136723380202387723e+00,3.144981197684814767e+00,-9.422254835542095464e+01
5.464325014000531056e+00,5.793002616144722339e-01,1.004189408300926374e+02
1.110470040230018496e+00,1.911830787074582760e+00,6.151859229284445973e+01
-3.338730157556083267e+00,-5.823262293748181051e+00,5.562064107732977547e+00
-8.381921474072527189e+00,4.896825004196676545e+00,-1.261538710603231976e+02
4.031021555047773486e-01,-3.838699011287106666e-01,1.968311691073691350e+01
-1.114008675514506441e+00,3.984919316554824231e+00,9.949948973290949183e+00
4.365469820806994861e+00,2.956950749376879184e+00,8.217648526095172201e+01
-8.807657359009885001e-01,3.922670805625215973e+00,-3.860098608767779660e-01
1.145051356411223686e+00,-2.060893066646626526e+00,1.872281411838920917e+02
4.911884836390210118e+00,-2.192757756882660392e+00,1.763581540443616689e+02
-5.724941302807085020e-01,3.153108572528681708e-01,2.968361393826898365e+01
3.075962243826564852e-04,-1.824104095742400400e+00,1.066949178998055814e+01
-7.434838460111290459e+00,2.239948310616492133e+00,-8.604313906363391595e+01
-1.210483265959888949e-01,-9.994078286761359564e+00,5.288754971318054743e+01
3.799622989110420512e+00,-1.244687807219528652e+00,1.350333365220663779e+02
5.055572668893179689e+00,-4.015892370616734652e+00,1.688442655171718911e+02
-1.203386629992443668e-01,1.019969543620797392e+00,3.975362748971006965e+01
8.182642392383639163e-02,1.831642180332881120e-01,2.975379700828251117e+01
3.676689479586472409e-01,8.436631535839007157e+00,6.667744250158499142e+01
-5.626368344180626480e+00,3.947720136060315910e-01,-2.294184020160310524e+02
7.332134085202486773e+00,-5.860957182451745240e+00,8.021545471209844891e+01
-3.237364200409379666e+00,-8.808499672910640399e+00,-1.101618284508138572e+02
3.393018814751100343e-02,-1.720369529837429745e+00,-3.259904255171895926e+01
-2.569040976294020950e+00,3.258283571519850597e+00,-8.796304264532379591e+01
-5.610973822985994008e-01,7.178235877342303617e+00,-1.194624595609319151e+01
2.923078556864078692e+00,-3.193204448809524587e-01,3.505464411477784381e+01
6.821013966284286134e+00,2.067407338919783566e+00,1.516833915609984729e+02
4.565303928345591622e+00,-5.184447311998534147e+00,4.860022620713202457e+00
6.467872138217856115e-01,2.227109819733886775e-01,-1.884493710644261100e+01
-6.386768238744454651e-01,-3.221197110855398282e-01,-4.552238134319569696e+01
3.465390382408117809e+00,-8.174391831805913888e-01,5.643230967618450933e+01
-4.282199810440106447e+00,6.641088471596410692e+00,-8.119648804945329346e+01
3.147931936582925694e+00,7.061321546943124972e+00,-1.556127993374346730e+01
-5.141434078437437938e-01,7.188386261866368532e-01,-3.338913679260365797e+01
-9.047803189130821266e+00,1.001667680923667536e+00,-1.591678825069917025e+02
1.608802478746096165e+00,-4.832018082401757120e+00,-7.031675753786819882e+01
2.930951406749742638e+00,-1.822898872683052507e-01,1.134662636930377460e+02
4.135322447359456532e+00,4.490370406058536545e+00,1.643339537952240619e+02
-4.199378929348930534e+00,-3.078092489325569225e+00,-1.748910225528904903e+02
1.746832036681467804e+00,9.504181879651376619e+00,-4.876929438763826852e+01
4.434245349188430829e+00,5.855707282220013354e+00,8.056953205419894459e+01
-5.503873147202472893e+00,-3.128239798712619368e+00,-1.288175997088573297e+02
-2.346320602393323185e+00,1.104767942472325126e+00,-6.050398706068079058e+00
-3.804731741334270723e+00,-8.367728107042077923e+00,-1.009296423371392990e+02
6.811220254316512346e+00,2.226643741165274193e+00,1.609550872850282701e+02
-3.668771463702140245e+00,-7.029386902562794859e+00,5.151745731126543326e+00
9.153804643693472798e-01,3.500251666449645693e+00,-6.952133026478620081e+01
3.117129517852874176e+00,-2.042123682070248414e+00,1.066790886229904771e+02
1.545965285446029736e+00,-8.297242958632228493e+00,-4.443789557648165101e+01
-8.394130970730154573e+00,6.898707618588058033e-01,-1.396069134422286027e+02
3.764606884691910516e+00,2.988417468282395628e+00,6.461100164525619505e+01
-4.925672331191793263e-01,-6.484416862350559363e+00,2.746630032285211076e+00
3.326838458304012036e+00,-9.042085915649890282e+00,6.971459770989248739e+01
-4.737025648262038757e+00,-3.096898809164807087e+00,-9.655637397723477022e+01
2.154693531232509673e-01,1.901992786625251286e+00,-5.819407611163012461e+01
7.263608272335994598e-02,1.409024290897261888e+00,7.753372947604350252e+00
-3.625071286718677399e-01,9.740975304463405093e-01,3.839337922425729488e+01
5.130731576081343448e+00,-2.431453614958440035e+00,1.631743635452289141e+02
1.246785902519741418e+00,1.335205887934103552e+00,3.880800863006078316e+01
1.363026478090490379e+00,4.229552423339847933e-01,1.115006065509113142e+02
2.280212628125958041e+00,6.628434706991633618e+00,8.604330950355384289e+01
1.005471351891881637e+00,2.988016533859635171e+00,-9.684274445657126762e+01
-2.042757278480880068e+00,-3.159857790807803379e+00,-5.221263334809142265e+01
4.890858715660831635e+00,-5.828301198179708820e+00,1.697456949454941082e+02
4.498673744822860421e+00,3.319694841856541956e-01,9.260221348647147011e+01
-3.661254731225652925e+00,-2.006953404906897998e+00,-1.988797518421687300e+02
-3.938980419292077872e+00,1.387237177360755691e+00,-9.484043392918384541e+01
2.575588522220756960e-01,-1.960621521501249243e+00,-1.339217855040423721e+01
-2.392967924170431582e-01,-1.184775006357970506e+00,3.907272281750108789e+01
-4.682806204957963736e+00,1.507016136721601729e+00,-1.131949437791553805e+02
7.840105554570872215e+00,5.191455473838573198e+00,1.677853342117523141e+02
1.566802944589499980e+00,-6.745418651997855619e+00,6.153461069952148677e+01
-4.330657910927468990e+00,1.377907327278449445e+00,-2.292674493289113400e+02
2.177842400617360674e+00,-3.254045912469380575e+00,-5.354574193559282946e+01
-1.201030908874171521e+00,5.126749334109350187e+00,2.837272879899078859e+01
-6.184417460441153480e+00,9.934974148245778736e-01,-7.719687002813562060e+01
4.642157801823090679e+00,-3.996555235820905327e+00,1.145136388172280384e+01
2.582271310945783327e+00,-3.241020404167650693e+00,1.770549169287475593e+02
3.220279745908231739e+00,1.982326672467670692e+00,5.833330778219730917e+01
1.600426753579002437e+00,-4.605805122747429481e-01,2.003085692618271310e+02
4.915295414613475300e-01,-3.705183724206476459e+00,-2.082578046252109871e+01
8.322688551121828482e+00,4.574581231835927575e+00,1.992810656579774502e+02
3.950321228482981395e-01,5.848043985750960516e+00,-4.413827401934170780e+01
-5.488230601507750744e-02,-5.313243191287726930e+00,-1.004904137907668016e+01
-2.155517519200701670e+00,9.490865038997533532e-01,-2.758575573324843688e+01
9.747669036862218750e-01,2.137324851334694853e-01,3.498654987396942317e+01
4.586098805788357824e-01,-7.843600483750008401e+00,-8.678457493805188960e+01
-6.650862089102512975e+00,-2.988059288084864207e+00,-1.041544092966648378e+02
-6.599841384820734902e+00,-3.404908144457052366e+00,-5.211849006974193088e+01
1.749466229195397515e+00,9.765943732858221038e-01,6.632713796406788731e+01
6.834992288781300829e+00,-2.797694579830341421e+00,9.979142941040105086e+01
4.817552674007493430e+00,7.284442225191699372e+00,7.054449995550753272e+01
-6.566911813458842229e-01,-2.076395986921300896e+00,2.796105377530324887e+01
-1.348351101925493012e+00,-7.617417840814991514e+00,5.865719743353017179e+01
3.600819244390656593e+00,5.647045054369963069e+00,1.821411465027971701e+02
-1.004250138348435462e+00,3.974195489128846681e-01,-1.374291768332741093e+01
2.558831733344513637e+00,-5.706034773736748278e+00,2.315987743957631295e+00
2.536696405302661272e+00,5.625319328711938738e+00,1.205287873414649624e+02
-1.299581107597380214e+00,2.379013865629329150e+00,1.636105977270292300e+01
6.695449388647285893e+00,5.980883618823677139e+00,1.292689507725806948e+02
-2.665669215282180815e+00,-3.172995839785853089e+00,-2.375547336207143445e+01
4.814261749899439558e+00,6.099391119361094127e+00,2.035413914243220574e+02
4.573205237636162934e+00,6.486139159905717655e+00,6.693076610406329507e+01
6.442118571696656915e+00,6.943597275323245555e+00,1.405943323870172605e+02
-3.020963263937755716e+00,4.261011799062085714e+00,-2.444434205381846859e+00
1.864238821377231403e+00,-3.693031987512633840e-01,3.787732019926234983e+01
-1.384702703404393942e+00,1.439036485071908122e-01,-1.091933392946180561e+02
-2.800932604328504549e+00,-5.367952150918374521e+00,-1.247660392160229179e+02
3.154970962761376896e+00,-2.157757060142583505e+00,7.553447012120851412e+01
-3.040784439558565033e+00,-2.432295070425336547e+00,-7.825731784687003767e+01
-5.772816355844319069e+00,-3.558836223331280912e-01,-8.301605208614394371e+01
2.845487224753819877e-01,-3.000115278368038041e+00,2.288097183648558186e+01
-1.371209538763408453e+00,-5.195019002326509039e+00,-2.622575190124889133e+01
-5.152317290088904933e+00,7.206982765243192368e+00,-1.124192058960667850e+02
-5.358250974588481874e+00,-6.397563157906631659e+00,-2.056339764976016227e+02
-4.822775509791918935e+00,3.809437850350070764e+00,-6.602844693347682892e+01
-6.806604096373690460e+00,-6.536959129956483316e-01,-1.123113449352884032e+02
2.407602811433721346e+00,-2.954442619829717120e+00,-2.344593943205589337e+00
4.716806346275004280e+00,-5.949184523862797169e-01,1.256442686569362905e+02
-4.825412435486928775e-01,7.463350745710347844e+00,-8.837739717375930582e+01
-6.232625423405914189e-01,-2.422205654239339978e+00,-3.057783355637241485e+01
-2.961125475803952689e+00,4.564553066245446544e+00,1.492732192875221031e+01
1.518854855926252023e+00,-3.009257062391210713e+00,7.344990542359862218e+01
-3.174411537907510183e+00,-2.898873087980959440e+00,-2.629077542349640595e+01
-2.925919643272815174e-01,9.442101469305728134e-01,-1.237043289264168351e+02
6.541681309664458155e+00,-5.298390912801822950e+00,1.424866030062102880e+02
2.025150897346445156e+00,-4.640446579963774631e+00,3.345280802881205062e+01
3.201033091275786724e+00,-7.001572410165923799e-01,8.025031711950929036e+01
-4.494472948015700631e+00,4.959336809356003961e+00,-8.178166083889159665e+01
1.136105853321297765e+00,4.450594674234050530e+00,7.131613896082933834e+00
2.653877315810122095e+00,7.877795347074344479e-01,9.448964340878173118e+01
-6.431107748990895878e+00,2.611031918858012446e+00,-8.011327311220888703e+01
6.050333340192335818e+00,-3.943976360179865637e+00,2.210423946891516778e+02
-4.187738402641021374e+00,3.059321848069712080e-01,-1.669675543397854938e+02
7.558083672489446236e-01,-4.219617528962498754e-01,5.450309197317609033e+01
-7.876396661210238737e-01,-4.776438040411952635e+00,3.392933731513289786e+01
5.355160192563949373e+00,-2.768503653130317543e-01,1.293590731961038500e+02
-3.170884931650492344e+00,7.640352765946410329e+00,-2.667764392039075361e+01
1.941390248939208307e+00,1.987545273828311698e+00,9.151565204985281810e+01
-8.897687451640166501e+00,2.398322915965321211e+00,-9.625931844720250297e+01
6.728540337153130935e+00,-2.698412162489832178e-01,1.657249163165215009e+02
-2.095894077420936252e+00,4.526943834417177293e+00,-9.510705801894241063e+01
-8.266166377208655769e-01,-6.721414932340014081e-01,3.535564296124422157e+01
-1.584910610062732816e+00,6.669594845060780042e-01,-1.164377468133457256e+02
-5.067073538120315135e+00,-5.809402101902503279e-01,-1.187129172519669140e+02
-4.354146781585117587e+00,-1.064595689144392232e-01,-1.459359065625289418e+02
-1.343287705456059841e-02,4.999770791025161643e+00,-2.600378977407429293e+00
1.647485709735026171e+00,6.259469690462577951e+00,2.043547297766393811e+01
6.141468641969797915e+00,-4.923715448511305048e+00,1.324001389636395061e+02
1.062921195571257416e+00,-7.027158083603731953e+00,5.902497791262882743e+01
-2.974246259796020198e+00,-6.490443958342924091e+00,-4.907544650124614272e+00
6.001996527175007756e+00,4.345098237556845433e+00,5.786242689693609975e+01
5.728359931783421288e+00,-1.374675541625928199e+00,1.495129174167951476e+02
4.470821488723760950e+00,-6.228805555473777567e-01,1.317947402787732756e+02
-2.565666653778363671e+00,-4.698588769595722248e+00,-1.288939670414773389e+02
3.297663555166242766e+00,-3.827111790113389755e+00,1.569937446644602232e+02
-1.353649512678194444e-01,-7.458149971766363517e-01,6.616303295001459617e+01
3.810135397641110644e-01,7.916050306759750299e+00,7.286737039986969933e+01
-6.719119336794050490e-01,3.838012189557193032e+00,7.551895564140754402e+01
-3.784002503854130839e-01,-4.405041763754562467e-01,-1.080584239102751241e+02
-1.758696768468599902e+00,2.997913379841697257e+00,-3.345858121897580872e+01
-2.293961612773093961e+00,2.343212004583713703e+00,-1.989677583504641802e+02
-1.588328717805072454e+00,2.522099575929344528e+00,-9.532844973858873061e+01
-4.293133544500169485e+00,2.428039808191657212e+00,-9.876347731392209539e+01
4.724445747253881223e+00,-5.132350371595042482e+00,1.220189770040939692e+02
-6.682700642178577288e-01,-1.463570886096495549e+00,-1.522446643274436084e+01
-6.988136563496426312e+00,2.887893732426061177e+00,-1.266584058217328987e+02
4.745485637051646499e+00,-6.466410800385080648e+00,1.301887703158692489e+02
2.920796458557473940e+00,7.404525770905220350e-01,4.380346461518772827e+01
-4.569890223224044590e+00,-1.496205613506335963e+00,-2.995647927321098081e+01
8.356918826235054665e-02,-8.042860894308003772e-01,9.454975771274224172e+00
-3.607596573305924537e-01,1.541894545940457162e+00,-2.264244041752148662e-01
1.128282883163786554e+00,-3.808857270925960936e+00,1.099927844186258454e+02
-2.578010103700888234e+00,-7.141174269533794028e-02,-1.747465253595165962e+02
-1.269564704659888577e+00,5.982648758585382698e-01,-7.177939053330642594e+01
-2.448022566261604527e-01,-5.617828849282232584e-01,-5.215091847140602965e+01
-7.072363013423944800e+00,2.834562049086422966e-02,-2.042734916323614129e+02
-1.106250731802819409e+00,-5.664980847477008474e+00,-6.523207338278052703e+01
-5.543900690498606565e+00,7.208238685275442315e+00,-6.207340353056935101e+01
3.185513855431765684e+00,2.320505817670316606e+00,5.344023627468266824e+01
-2.044061354192793001e+00,-1.206326378154915613e+00,-1.069893188979344956e+02
-5.888639766376180251e-01,9.297697615478993427e+00,-5.500844600789076821e+01
2.226928143247277170e+00,8.925231299055667478e+00,4.945372010392704709e+01
9.602199837775931002e+00,2.739885805119206541e+00,1.855602260186315959e+02
-8.053093474337115198e-01,-9.228550529424445203e-01,-8.702772343536037170e+01
5.577140884338249727e+00,4.171643305599689988e+00,1.769659421422526862e+02
-4.325351357536706409e+00,-2.804339404285799198e+00,-1.884454775760134737e+02
-2.064451959029714789e+00,2.283416681346251975e-01,-4.703344272533031045e+01
8.272486538121944122e+00,-3.301504559123309979e-01,2.113612168745156339e+02
-5.527303839636804383e+00,2.567584438822021475e+00,-6.778769350851572995e+01
3.154590269158996207e+00,-4.627206876989421458e-01,1.023704382725439217e+02
8.849720857862651835e-01,-3.502059868225416150e-01,4.556309802590627811e+01
1.297416251529035724e+00,1.635040947223901364e+00,7.436147566825813726e+01
-1.513781547760893187e-01,6.555488204417892817e+00,1.303522475036152741e+02
8.182973820350477601e-01,-2.309229345775840159e+00,3.913447993649138823e+01
-4.168720898177009637e-01,4.034920854242312060e+00,5.587102562426105834e+01
-2.802555789878430903e-01,3.840299045296114322e+00,-5.770103108284254034e+01
3.020912929956354187e+00,-3.202298771369887387e+00,1.084727780473337191e+02
5.858436901065413593e-01,-3.168990731223465307e+00,3.381410194290592131e+01
-7.963531001523578290e+00,-2.955365788732486010e+00,-9.052599746971480954e+01
1.788579094223367472e+00,1.480432268271735463e+00,4.098261832150939199e+01
1.058244037540126969e+00,-9.715057537317384195e-01,7.490442759743514500e+01
1.630082479240881677e+00,1.036219836260761529e+00,-3.814689148781165784e+01
-4.507843687226054108e+00,3.274955288170068979e+00,-1.946400792184972488e+02
-4.926331612685930672e+00,3.954382549489972476e+00,-1.397746300382153777e+02
7.041625954613887073e-01,9.918136616357678292e+00,1.269495555967891960e+02
4.231004588422511148e+00,-3.708343020622336006e+00,4.723250461725898930e+01
4.778272715803183468e-01,1.340525085589358290e-01,4.825075857917732947e+01
-3.352173737421390687e+00,-6.838686407465661254e+00,5.004604238947250927e+00
9.513739236084330031e+00,-2.470133411864733564e+00,1.523804270021384468e+02
-1.935329734643709498e+00,-3.293026933796713962e+00,-4.251277105664093625e+01
-3.996544972001916829e+00,-4.626110148906186659e+00,-1.761613448690731616e+02
2.737081326509954060e+00,8.695853190743989103e+00,2.361381605745069479e+01
-2.365013825013516424e+00,1.199977856992051839e+00,-5.841753629722686014e+01
-2.879188260891666573e+00,6.796731822680984081e+00,-3.666166057901376263e+01
-2.105635233516774396e-01,2.928995184418685671e-01,-5.815802011041659370e+01
3.093185619804220909e+00,6.079792168363628235e+00,-1.088762042563472532e+00
2.459748469002189353e+00,-6.905769915302923501e+00,6.771486831003700857e+00
3.613682503370668542e+00,-6.957390184184011339e+00,-2.352956143904436814e+01
7.203884207877677248e+00,-8.385219943038539903e-01,1.086069417527871792e+02
-2.467241229228399391e+00,-7.206756588317248635e+00,-3.588510461785728012e+01
5.048038641484389744e-02,1.483770818806948499e+00,6.748335633272947121e+01
9.113462858012884027e+00,-7.568497782334222546e-01,1.882948070333988255e+02
-1.698400125558769125e-01,1.639521583623540835e+00,-5.383512277983670913e+01
6.891372666248384071e+00,-1.153166922070594680e+00,1.911895711148833072e+02
1.899981301187379401e+00,3.907806693368953699e-01,3.455534122306021771e+01
-8.724710708295404515e+00,-2.585604540041129606e+00,-1.780398462871026197e+02
8.716102264884879602e+00,-1.174084676014534256e+00,2.243304308983929616e+02
1.802918826958324727e+00,-4.000621570725220733e-01,1.233467018378623692e+02
-6.598187482199934228e-01,-9.958509101650578899e-01,1.306200481605345232e+01
2.232441027378496035e+00,2.210159761182250993e+00,9.411479878590431269e+01
-1.244423926443610995e+00,-5.411325261311525914e+00,-9.520552566317186916e+01
2.795644863551161929e+00,3.213255052647181031e+00,4.212167540985738867e+01
-4.892987316486437699e+00,1.318376846151898096e+00,-1.673179357786083870e+02
8.844807361139670476e+00,2.974244730993572006e+00,1.294722581435736686e+02
2.268275165475289512e+00,-8.350586216060281730e-01,1.591718038885192499e+01
3.797537060632004025e+00,-1.432040358228937160e+00,1.421695656301995143e+02
-7.866682878921210431e+00,2.366494592999428548e+00,-1.978512294569102608e+02
-8.286492164316323628e-01,8.725965374719181489e-02,-7.056225470125422561e+00
-4.871983978077589761e+00,1.649505883119540384e+00,-1.174490949463340996e+02
-2.414236856943113296e-01,3.089608557981596282e-01,4.126455582396797439e+01
2.581059747421873052e+00,-4.321570581964659041e+00,1.276357944352482008e+02
8.010164161510287428e+00,-3.335427488896468340e+00,2.442887837025379838e+02
-6.192942486813275416e+00,4.249782609014838286e+00,-9.702153645713104879e+01
2.217722691027048665e-01,2.962770665724250740e+00,-2.477148200334870509e+01
3.884629404035808697e+00,1.325541346273342080e+00,7.437088157451300674e+01
3.515861871623889634e+00,6.192029129768850115e-01,9.041176881934281084e+01
-1.473258427635609991e+00,-1.386651671177654865e+00,-1.022572561712199644e+02
1.257851246888618268e+00,-6.599107714540163094e+00,6.992741423240212839e+01
-4.900330804227508857e-02,7.714279850218623835e-01,4.312133236995433805e+01
-9.709217696146700272e-01,6.598987409583961794e-01,2.658519549370569734e+01
2.345364826902657018e+00,6.392104392638730204e+00,9.453471804057568306e+01
-9.293519797248993575e-01,4.344372037083291005e+00,-6.832865579533480727e+00
-7.333972225277348933e+00,-7.776308860014914393e-01,-1.399196492651842902e+02
7.248621537588374686e+00,1.653985735370867849e-01,2.128313993346395989e+02
1.730210383898242110e+00,-5.515589830729766163e+00,2.623166813787828744e+01
-1.373138716684221494e+00,-1.209982209888145199e+00,-8.026842394916303647e+01
-1.045465717814729967e+00,1.529646931648413144e+00,-4.675981442380886932e+01
3.639238736452625300e+00,-2.345671550928322802e+00,7.766220183194717208e+01
2.606113982087879144e+00,7.422134138360137356e+00,4.061025644281642855e+01
2.959641215651199531e+00,9.616653389485890768e-01,2.234240392197193898e+02
4.708703905690662772e+00,5.992956941245552116e+00,2.082675575393000429e+02
-1.311057225512593183e+00,5.983722344848466435e+00,1.202979607230277104e+01
4.606393580026042933e+00,9.445810940809389322e-01,1.960159491215419223e+02
-1.372863486499645846e+00,1.251186624778331868e+00,-4.315423408013825934e+01
5.769042804882616338e+00,2.473387358404208758e+00,1.714717297560131897e+02
6.834964751490294255e+00,-6.406453545667396554e+00,1.298528778179564256e+02
6.647574755547535297e+00,2.481446860260369203e+00,1.913359751370559820e+02
4.109425273514300869e+00,4.326402544362038860e+00,1.718026150980450097e+02
-1.756059897390516378e+00,1.018139383239587303e+00,-9.846646278347505188e+01
8.838675633581977165e-01,7.612257685273627894e-01,6.883296198667093790e+01
4.145537753942799775e+00,6.115337874818442820e+00,1.076947186626128570e+02
-4.849929509404465322e-01,-6.694025049853064013e-01,-4.475918181640155069e+01
5.592522700790875767e+00,2.907896909507718064e+00,1.861674316732079717e+02
-7.636521662107288444e-01,5.328374707842652436e-01,-1.067546135056392309e+01
3.759939124334476634e+00,5.753801118231775646e+00,9.802062297919886191e+01
-1.270567689742866602e+00,1.101363232185881280e+00,-1.879728249261905049e+01
1.871356521616986957e+00,-1.283721115446329497e+00,3.145018368244745943e+01
-1.107266298484229639e+00,8.686299819093765251e+00,6.206547233433735045e+01
-7.108766626880048678e-01,-9.537119338913569999e-01,-6.087409945888924767e+01
1.052020206920655454e+00,-1.425447767796853782e+00,3.411616078488646764e+01
8.235057880027301103e-01,1.845460467946912875e+00,4.967347425903956548e+01
-1.151896831603866495e-02,-4.283056477227175307e+00,-7.509703119142996286e+01
8.810871031944750298e-01,-5.993435067879174127e+00,9.356004817733617074e+01
-1.855083407025188924e+00,4.718176675798441799e+00,-7.222274193312347279e+01
-2.748557284000875400e-01,-8.143414576730368282e+00,5.694459324737817241e+00
5.350618359826416537e+00,7.107157583173934867e+00,1.346200737386119783e+02
6.980573026950695592e+00,-4.858536851236719301e+00,1.151057784792876788e+02
2.669326757487127999e+00,-1.109555008838040369e+00,1.499938487046411240e+02
-3.568393713872289208e+00,2.138292883279340195e+00,-1.254594078459787028e+02
-6.608633562823957419e+00,5.190914706862065131e+00,-8.021542854114015597e+01
-7.068469321253266768e-01,-3.433778963061210332e-01,2.221157202771184558e+01
2.309971559639693695e+00,7.414108168013293643e-01,7.400877096929899324e+01
5.007658873373076247e+00,-3.545813706049441461e+00,9.416044648681656781e+01
-6.250438029900221570e-01,-1.646247017733200257e+00,4.334924089217551568e+00
1.326062597033407675e+00,-1.203885736820535568e+00,7.321856519276381903e+01
4.681339301618946180e+00,-1.100999735644959232e+00,1.776146207992996437e+02
7.026213921975081433e+00,5.211586688851549631e+00,1.561837815715712168e+02
2.098313121482676014e+00,9.514285827042961330e+00,1.076605574446868161e+02
-2.012474161574206111e+00,3.796100564420604062e+00,-1.367449898540718891e+02
-1.532624604320782735e+00,4.628506059329229316e+00,1.512474354189659209e+01
-7.342970589438056805e+00,5.041679003975463758e+00,-1.742820608100030597e+02
7.742034516663248489e+00,-4.899593447599704943e-01,2.191021866540623648e+02
-4.539594572852599264e+00,4.690978506952257376e+00,-8.053187214019209250e+01
-4.145844222868148243e+00,6.611836390287837872e+00,-2.363645144914579532e+01
9.941061756277514982e-01,-1.884384273817245381e+00,1.501294265282076434e+00
3.175454274044574365e+00,5.627529316469813914e+00,1.155216253392519832e+02
1.744187610804697267e-02,-1.807889974455739290e+00,-2.391196054065757437e+01
3.335701761681409749e+00,-1.699758471273688620e+00,9.739455187777087986e+01
2.844649742932310765e+00,-7.907306149043753507e-01,8.215635368360479163e+01
3.453462498590770480e+00,-2.080956516689557390e+00,1.348470165815507187e+02
-2.900781845338443077e+00,-2.154170957115410179e+00,-1.343806809479665674e+02
-2.981154597431621145e+00,4.724203121530969440e+00,-7.506047767124034920e+01
-6.395149667658093229e+00,5.934140781067354986e+00,-5.322426976692364065e+01
-9.774544988208085095e-02,1.071969823661500287e+00,-1.043116457065357849e+02
4.726279167995590669e+00,2.950399614537440929e+00,1.723710753757969201e+02
4.097177538755636839e+00,-4.780255726675013861e+00,3.266966220104981744e+01
9.008525629614848595e-01,6.437864093846835445e+00,-9.353498228568655648e+00
-7.430262560023891405e-01,-9.963164728849307039e+00,-2.500394387130462448e+01
-2.505363878944643075e-01,-4.215483369500803712e-01,3.924776714905325292e+01
-3.253192113538727614e-01,9.023122277029061999e-01,-1.017917099148867663e+02
5.813265466752376431e-01,-2.160903025560965585e+00,2.289095016156874252e+01
3.058890157020522915e-01,3.497218802507986890e+00,-3.362239890283995436e+01
-1.970396561980488404e+00,-6.088507240018548039e+00,-9.762255971217923900e+01
9.978789292500706010e-01,3.783192467031297745e+00,7.325546059719401626e+01
-9.868294564647707157e-01,1.338753528328437969e+00,-1.038895813052823911e+02
-3.389639491528516402e+00,5.317017217547475028e+00,-1.339179702300186250e+02
-2.050642142344324625e+00,3.556584678038499092e+00,2.190967164218978169e+01
3.779429425014693589e+00,4.467650246575864514e+00,1.360938041048226523e+02
1.285626095154206450e+00,-3.970777839305921764e-01,4.750658816762649650e+01
4.404438805030026494e+00,1.222574537139133194e-01,1.673716778471805071e+02
4.183145403111324434e+00,2.294353460622323038e+00,1.752146958384699644e+02
-5.214928930516386174e+00,6.843164436247151095e+00,-1.686569633147586558e+02
-4.753569904602819030e+00,-7.313800585744289151e+00,-1.397211581421416042e+02
7.452237863772847026e-01,7.817999646708115868e+00,3.305071711156153835e+00
4.039471220097363258e+00,1.416281170771609421e+00,1.568444977378335636e+02
2.945570341670234349e+00,6.225911241965456089e-01,7.239111332140834065e+01
1.438056789772877986e-01,-6.514264248918871791e-01,3.470659885912136389e+01
1.228651519213239229e+00,-7.764482459848559559e-01,2.157212262141339210e+01
4.377268215456392220e+00,5.271317006359697466e+00,1.184627484327375697e+02
-5.999766805746708620e+00,1.193537846716101969e+00,-1.786556505571669504e+02
-2.292246926982995259e+00,-1.597088633119611911e+00,-3.917266592665488645e+01
3.386405020917849118e+00,1.843434948087512071e+00,1.281341331203221614e+02
-1.595495170523622885e+00,5.420635360361519162e+00,-2.775082031620801004e+01
9.260429441587939570e-01,7.433903600860519489e+00,2.379866535155987251e+01
-3.793184552478951588e+00,-2.108266898006868839e+00,-1.258357767190408083e+02
-1.456324446582890175e+00,6.287723633435159387e-01,-3.459396154595631856e+01
4.999954443742957721e+00,-1.241528751831868227e-01,5.990229889934214924e+01
4.652450828717948461e+00,5.614227221490092568e+00,1.854404599067151480e+02
-2.543041578583570939e+00,-4.763251040599517871e+00,-4.981308905533222031e+01
-8.491304817506933889e-01,2.308735075013385263e+00,1.533816497631637965e+01
1.528975816987027114e+00,5.324046242604660861e+00,8.028204943093437862e+01
-3.342043615242789451e-02,4.007955478721319409e+00,-3.547004448229086648e+01
1.272378014414826453e+00,1.138729539499127030e+00,6.940633680446299536e+01
8.638345211543008162e+00,-2.556253737775813217e+00,1.428756244323042779e+02
1.461725852652818514e+00,-2.392579714187534901e+00,2.342654173618162083e+00
5.933414889285393734e+00,3.697401626614229109e+00,1.172549743426624502e+02
4.960165677383332472e+00,-4.954090357911440812e+00,4.661514500342773459e+01
-5.089000444557089331e+00,1.378663128661932857e+00,-8.658438514126861207e+01
1.164746016546655660e+00,-1.448225793590392829e+00,4.116156695867678650e+01
6.222910366653689351e+00,-2.939780974833877125e-01,8.308214625148434607e+01
-4.102179401645757451e-01,1.426898587206608671e+00,-1.923626383460480582e+01
3.514837410755836888e+00,-5.778065197410133358e+00,6.440781500652187219e+01
3.054914061511403656e+00,5.413048898925859831e+00,1.037551832616317569e+02
-1.873181975818104306e+00,-7.423805990408987476e+00,-3.924057319788947495e+01
-4.865962944920258493e-01,1.575887599358903657e+00,4.161959131958136382e+00
2.466793027516099635e+00,9.372749899746759539e+00,1.072200612188284623e+02
-5.346331430933607187e+00,-2.761099727686900686e-03,-1.671829834584835908e+02
-9.547014420170711890e-01,2.675966220104807336e-01,-4.343721596943570518e+01
2.250745089674225596e+00,-6.352696313971798681e+00,2.327895718108828049e+01
-2.707320545407339907e+00,7.415615134958223109e+00,5.178592843639294330e+01
1.839243051895073089e+00,1.163285022463870222e+00,4.645362050746148697e+01
-8.091953836006247514e+00,-1.242824497547586615e+00,-1.732712742904394077e+02
9.146790368932292026e+00,-3.254504069464128069e+00,1.771128624302164098e+02
-2.990229985067081181e-02,7.823571668719057071e-01,2.459587666688296814e-01
-3.986644283917666787e+00,-6.100390570964361991e+00,-8.033059949080242745e+01
6.105322718900392687e+00,5.537084345902554716e+00,1.226299084675679580e+02
-2.066585859056879748e+00,7.093831140543403357e+00,7.599830577049003999e+00
-1.330456540481953054e+00,3.537835278846579445e-01,-9.728717141560960613e+01
3.247700174178815014e-02,-2.552911337086208654e+00,-6.788170335648959330e+00
-3.669906474139664976e+00,-6.147659010163402105e-01,-8.399589136725916205e+01
4.345307462031053447e+00,1.596849075599878542e+00,1.633537425389554016e+02
-8.321141659200100849e-01,8.149806230755638481e+00,8.860147040983278544e+00
4.993235651733674452e+00,-3.215641975618389381e+00,6.265009970772306502e+01
-3.034715162997115190e+00,-4.399440072542609492e+00,-1.137919608801366991e+02
-7.738094689722056607e+00,3.914045801707046301e+00,-1.162790871612687766e+02
3.459897072680810037e+00,-2.543788130787498769e+00,1.181832409065263931e+02
1.030622554337012886e+00,1.531039166415095965e+00,4.854072948915057140e+01
-4.196176618266249658e-01,1.085968161943348775e+00,3.616475022036025422e+01
7.339749428629382955e+00,6.023446994995435233e+00,2.120255546479398276e+02
3.259213756885255275e-01,-1.149411931702352341e+00,8.636195611317074139e+00
3.395875928506558949e+00,9.386168145832455068e+00,4.070227355595088170e+01
1.786609566412246553e+00,5.241879654946530742e-01,5.216182463042195394e+01
5.446727340532034667e+00,-2.097230804839172347e+00,1.696381932961083692e+02
1.896073176857099085e+00,-5.963942895883050238e-02,9.356172936616079028e+01
1.283594840670367221e+00,-1.128746636981242391e-01,4.640414930966424123e+01
5.827057341692804648e+00,-4.267414045477618600e+00,7.812058498484991276e+01
-8.315432843917667238e-01,-3.454115976772473839e-01,-3.126401481655073056e+01
-5.851081736337655492e+00,7.664510171643630354e-01,-1.440402821432285521e+02
1.749321517453224839e+00,-1.246029824087015792e+00,5.228782302933070980e+01
2.077077984302510227e+00,-3.742974432916712946e+00,2.904534743359972282e+01
-1.006241025764373243e+00,-1.497306090841651782e+00,1.933381483232394871e+01
-2.945367294448569151e+00,3.333571403041790671e+00,-4.318033692194227058e+01
6.192416118621716592e+00,1.574995447152044870e+00,1.343104986848234716e+02
-1.804645130311271828e+00,1.238253368207914207e+00,-6.992030530275764022e+01
-1.208702200001505078e+00,-2.701598160864383313e+00,-1.331874493436938778e+01
-9.614908807680408453e-02,1.127451347406182247e+00,7.455312599886816827e+00
5.886462755477224640e+00,2.729580573490038575e-01,1.679100875417575196e+02
7.037054768578272501e-01,4.196351121970931075e+00,-2.543102453888077719e+01
6.521971673773617972e+00,2.169469330402293838e+00,2.111661513730137756e+02
3.532250758107534860e+00,1.320932709464349930e+00,1.508676332679087579e+02
-6.302158334792368422e+00,7.598335639837601185e+00,-7.305079804238805252e+01
-4.911236913719114749e-01,-1.830066992278669646e+00,-4.374282322697001035e+01
2.943845711162501821e+00,-4.525535908101525062e-01,9.316562274905062679e+01
8.783830590733327170e+00,-2.970435106853998253e+00,1.107792077319529227e+02
2.525569468464686107e+00,1.294900363886568873e-01,6.678520431112990252e+01
4.170697725989376825e-01,-6.954349665456137863e+00,-3.869523755393014142e+01
1.873183096689541971e+00,1.378409536858942408e+00,5.497923792259209463e+00
-9.887377240157432245e-01,2.374781035956771369e+00,2.399038629997457406e+01
6.863154778886152663e+00,1.166540143002284674e-01,2.002930637951007213e+02
-1.701256602957098130e+00,-2.476442024870128211e+00,-8.640797221607721212e+01
-1.711872444776316948e+00,-1.828313954714224199e+00,-7.016433093777074248e+01
-1.494475645189168034e-01,-4.391779233764591339e+00,-5.297341154375707184e+00
-1.480146113625129489e+00,1.377609364118287161e+00,-1.276954814395332107e+02
-8.305328652452011795e+00,-4.075321707429768736e+00,-1.239129613162821215e+02
7.116429421562356694e+00,3.153332614551261348e-01,1.374846078329126442e+02
2.229101676020365019e+00,-3.107429786939427174e+00,6.920923707259393609e+01
3.912564323374764452e+00,3.629837220177739354e+00,1.086899471159434114e+02
2.411464692917388020e-02,-2.913445566222836014e+00,1.241005594859007077e+00
5.120261421358560661e+00,5.834286996401067071e+00,1.447923151760602423e+02
8.597067705707129193e+00,7.089803609633619219e-01,1.681327380371789388e+02
4.471512243512149709e+00,4.460250030977414681e+00,1.131533663635011635e+02
3.343342955007369888e+00,8.832597019267913296e+00,7.268892487675998382e+01
5.763265066993903396e+00,6.700822005744647702e-01,1.715800580587678326e+02
-4.824885193391777349e+00,2.220812246826808223e-01,-1.433581538725173061e+02
8.244004968140348666e+00,-5.110904827932255756e+00,1.130560309060588793e+02
2.488605053611344931e-01,4.394378449352572602e+00,1.726868030168813917e+01
-8.073931061566869127e-02,2.139184991886033671e-01,-6.518830781332122903e+00
-2.632778315936188940e-01,2.516333975134299461e-01,4.433603751466138476e+01
-2.620472111367889934e+00,8.246049536127394219e+00,6.481696684445301671e+00
7.001428042741957292e+00,3.440774914452961131e+00,1.688492671169775008e+02
3.689775003935759745e+00,8.926331307516752744e+00,8.153178206269940631e+01
8.342302154098156564e+00,-1.144880069004863721e+00,2.254803381373417324e+02
-2.180394931868443464e+00,-6.046514961875489869e-01,-8.841438615082874719e+01
-4.888801588739255521e+00,3.216384060472669670e+00,-1.071579784770188155e+02
-3.023805699632482913e+00,-7.685229108680267096e+00,-1.200932436041756688e+02
1.558333232787004474e-01,4.876604819604459351e+00,6.524026126526172220e+01
2.547102656418144484e+00,6.899085130049003922e+00,6.025762351089899482e+01
-2.285428028336280004e+00,6.401290229714505564e+00,2.347047756588840883e+01
-1.395567884173706252e+00,3.216569238161875455e-01,-1.174243612535552188e+02
-4.876830885018073936e+00,-7.621708624911875063e+00,-8.813264284392388959e+01
9.040698805736491206e-02,-2.771879864940898219e+00,-7.745120283447430864e+00
-1.321536656804101151e+00,1.214590190778145340e-01,-1.147041045992452979e+02
5.591354891670562433e-01,1.912831108082017506e+00,6.272144285826463062e+01
2.766569079957560184e+00,1.881527067418650612e+00,1.315352681553705168e+02
-2.544111546260359735e-01,8.881745754295415907e+00,-1.334071523891939215e+01
-3.615336844127845062e+00,-4.040600821513808505e+00,-8.223837666667063218e+01
2.398809294231393441e+00,-3.565500496108680029e+00,2.970316915394924706e+01
6.967349718188383889e+00,-3.020801147011098475e+00,1.190714750802092112e+02
-5.479463967286473114e+00,3.996864498574569158e+00,-1.358947389302190345e+02
3.027955624511520227e+00,-9.830382319787628331e-01,9.685353266861653765e+01
8.984461241540891763e+00,-4.384241380080677430e+00,2.116721291635301156e+02
1.457608401615210436e+00,3.318344773569245287e+00,5.083181963359913169e+01
9.985085959182307125e-01,3.742190772943243982e+00,6.619614079482643376e+01
8.802356571515261852e-01,6.806473280958063032e-01,2.981499632846799130e+01
-1.278402137213574763e+00,-1.295718047658904748e+00,8.484440374538118945e+00
6.465552249552561470e+00,1.822894976116793131e-01,2.281516848342627668e+02
-9.687577515413050566e-01,-5.286301670294702992e-01,-8.509847020422348862e+01
-5.541980462210216452e+00,1.810233365532297523e+00,-1.380405206278730077e+02
8.420804106870528827e+00,5.708787604220099121e-01,2.192385039508732802e+02
8.149559468076045476e+00,1.291625677740212419e-01,1.566885615724506522e+02
6.557046880385959398e-01,8.301283858411828476e+00,-9.040654618529043063e+00
5.085034300967249621e+00,4.362703172256463091e+00,1.440637786652282841e+02
5.437613985487038448e+00,-7.792427454090652184e+00,1.106626863532182199e+02
1.454738324321199761e-01,-6.934297796632578059e-01,3.918628805525407444e+01
-2.199664024092757575e-01,-7.708798012039824954e+00,4.812375759494541683e+01
-9.538098752378381562e+00,1.012944975559573857e+00,-1.980552181774015708e+02
4.808169676045282337e+00,-4.926487728722784176e+00,9.929576572205264995e+01
-1.043179913543046622e+00,1.330452719912130766e+00,-6.473539224965996652e+01
2.632410793378781033e+00,-4.005542882683927886e+00,8.210968945296779964e+01
2.180605451572751985e+00,-2.430430010392586659e+00,6.326725380245979125e+01
5.219340573764780222e-02,-6.243457142696060558e-01,-9.542834309500548784e+00
5.607159117891010069e+00,5.259678852483572697e+00,1.755191850557691566e+02
-5.407107555841757396e+00,2.943219582965387993e+00,-1.107723484961956331e+02
1.935621736584271835e+00,1.320590266850022940e-02,9.791429445783522567e+01
2.000645590454027900e+00,-5.861745101053459361e-01,1.201169505290761634e+02
4.821423241998173737e+00,6.705150588362518427e+00,1.526558641825762663e+02
-7.678536027569300870e+00,9.343747629646855790e-01,-2.036334756431993185e+02
8.811862029644190741e+00,2.712812938381079064e+00,1.678891101362210065e+02
5.888672523413301940e-01,6.836010192091277027e+00,-5.030528781036289132e+01
6.031478359255859623e-01,4.627192800841926079e+00,6.119677711201592274e+01
4.519482344625057380e+00,6.608971298581632681e+00,1.479771801664338398e+02
5.250542885542103910e+00,7.693209636033070120e-02,2.059556324928995821e+02
-1.908919813090977025e+00,9.528167533523521082e-02,-4.932706980417295739e+01
4.225642703433559966e+00,6.558401076078698821e+00,1.432781358003135495e+02
-1.849842835355633541e+00,-2.481874474782284956e+00,-4.925718104184903723e+01
7.410677949211380344e+00,6.930025421490468851e-01,1.848595136320599295e+02
4.612897620501027696e+00,1.608757005776929039e-01,1.177159170501792289e+02
8.000548083592834203e+00,-5.822756192475550208e+00,1.370956054606693328e+02
-4.616197531409548915e+00,-8.549227503124635419e+00,-9.253048379914231703e+01
6.664081237646496625e+00,-6.746534681826366509e+00,1.053508386103943479e+02
2.708251441937246984e+00,6.294446417970010366e+00,1.031780664730237334e+02
-9.571465185746578230e-01,6.549662992768324754e-01,-4.032366363894098527e+00
-1.022674864699829822e+00,-8.784881254704112408e+00,-2.090811971439438111e+01
-9.704020729903850562e-01,6.217663879598651633e-01,-1.681113398651071833e+01
-5.328092585146096960e-01,-8.922876013692407682e+00,-1.903220141839376112e+01
5.938377143460894736e+00,4.899454248124883726e-01,1.837460613211987948e+02
-1.415405260442298641e+00,-8.466160688023229852e+00,-5.160672843862810311e+01
3.722617097081674320e+00,-8.159452655765125684e+00,9.656207721691959023e+01
-1.561692493239831503e+00,8.162904676940351933e+00,-2.572960367306117391e+01
-6.360274679791305674e-01,-1.534200800882531135e-01,-2.920833373010730227e+01
4.817844752064110558e+00,-4.061510124664404309e+00,1.059511956296173736e+02
4.128179000982070690e+00,8.321239157761608496e+00,7.519471425570233691e+01
7.211720651090378631e-01,1.019783417839984080e-01,5.227354679191894604e+01
5.491097613030711422e+00,-4.876333489529782739e+00,1.038632860706305223e+02
-4.180328099750953541e+00,4.762146894009012144e+00,-1.146796955695969302e+02
8.927415112380291395e-01,-3.636518517396206907e+00,-1.700753262282906064e+01
8.640921580277856062e-01,-3.206777370061807630e+00,-9.326548697421984002e+00
-7.994579733687184886e-02,1.004104003235831044e+00,3.293053458309771919e+00
9.032266815260474591e-01,-1.521415587060153118e+00,4.125436049525522719e+01
-4.629578024478383291e+00,5.183018200370927531e+00,-1.243415312237989525e+02
7.377256678247472443e+00,-5.859196460235080117e+00,1.468388945114253374e+02
-3.286460860889729663e+00,-2.416549272198398768e+00,-1.552854578087306834e+02
-5.982325928283142025e-01,2.338879318405310936e+00,1.464598868439174062e+01
-2.922651357715122966e+00,-1.721378766020263296e+00,-1.182505754522483130e+02
-3.841337144334620479e+00,-8.451211547182801098e+00,-1.219565303456194556e+02
2.684916801634494643e+00,-1.840366192842429083e+00,1.052934832737833517e+02
-9.510922490726186895e-01,-9.287935121231164715e+00,-2.993410573494334059e+01
-1.550159629516541626e+00,-1.562842946758481011e+00,-6.497047317660884858e+01
-1.561685847101599078e+00,2.650625645783569961e+00,-9.116770736779989193e+01
2.896920944544892240e+00,-2.073589147017425027e+00,1.119846155060311759e+02
6.501649784667838716e+00,-6.129688451076587441e+00,1.188149604935161392e+02
1.072771172990120370e+00,7.190393183266627908e-01,5.167047871870767040e+01
-3.150685981343918307e+00,2.061257105576240534e+00,-1.169601957645367492e+02
1.079577745860874627e+00,6.841772308883292686e-01,5.577633793405536977e+01
4.128060688388314858e+00,-3.719531742983708700e+00,1.293545191272239947e+02
